{"P_size": 22422, "LP_size": 40, "U_size": 32490, "train_LP_size": 20, "train_U_size": 16244, "valid_LP_size": 10, "valid_U_size": 8121, "test_LP_size": 10, "test_U_size": 8125, "train_size": 16264, "test_size": 8135, "valid_size": 8131, "precision": 0.13010156971375808, "recall": 0.18885711732642302, "mesh_conjunction": ["D008099", "D011919", "D051381"], "mesh_conjunction_str": ["Liver", "Rats, Inbred Strains", "Rats"]}