doc_id,ranking,BM25 score
1280,5088,4.692106
3650,8745,2.1533926
4453,8023,2.6681683
6287,9074,1.901157
8580,9348,1.5548695
9111,9329,1.6056403
9657,1645,7.439701
