doc_id,ranking,BM25 score
1280,6302,1.6499289
3650,7499,1.1690347
4453,5854,1.7999333
6287,2687,4.5636196
8580,6874,1.3158426
