Document Order,ranking,bm25_score
6287,2817,150.07492730934285
8580,3048,145.64872232676703
