Term,TF-IDF Score
patient,1.8441569504248658
hcv,1.5071821306667208
hiv,1.217879520331885
cell,1.0119045554302064
therapy,0.992505877152272
antiretroviral,0.8808804179196281
associated,0.8473455071984215
individual,0.8334524425285392
among,0.8258346036966148
drug,0.8009984992114562
