{"P_size": 16895, "LP_size": 100, "U_size": 30370, "train_LP_size": 50, "train_U_size": 15185, "valid_LP_size": 25, "valid_U_size": 7592, "test_LP_size": 25, "test_U_size": 7593, "train_size": 15235, "test_size": 7618, "valid_size": 7617, "precision": 0.13177477774119198, "recall": 0.238285203929741, "mesh_conjunction": ["D000368", "D008875", "D010535"], "mesh_conjunction_str": ["Aged", "Middle Aged", "Laparoscopy"]}