Document Order,ranking,bm25_score
1198,4318,94.94597734002735
6287,2777,149.93158989826267
8580,2982,145.89156977405062
9657,4665,48.63767831029494
